{"benchmark_time_littlebig": {"pred_score": 0.9887434319347144, "avg_time_batch": 0.08315421600341796, "totall_time": 51.971384048461914}, "benchmark_resnet50": {"pred_score": 0.9839679685950279, "avg_time_batch": 0.2103749195098877, "totall_time": 131.48432397842407}}